Name,Image Link,Movie Watch link,Description,IMDB Ratings,Rotten Tomatoes Ratings,cast,Timeline,Categories,Language
wind-river,https://www1.123moviesto.to//123movies/wind-river.jpg,https://vidcloud.icu/streaming.php?id=MTA5ODk1&title=Wind River, An FBI agent teams with a towns veteran game tracker to investigate a murder that occurred on a Native American reservation , , ,cast :,timeline : ,Action,English
the-twisted-son,https://www1.123moviesto.to//123movies/the-twisted-son.jpg,https://vidcloud.icu/streaming.php?id=MjQ4MDYw&title=The Twisted Son,, , ,cast :,timeline : ,Action,English
the-69th-primetime-emmy-awards,https://www1.123moviesto.to//123movies/the-69th-primetime-emmy-awards.jpg,https://vidcloud.icu/streaming.php?id=MTE0MDg1&title=The 69th Primetime Emmy Awards,The 69th Annual Primetime Emmy Awards will honor the best in US prime time television programming from June 1 2016 until May 31 2017 as chosen by the Academy of Television Arts and Sciences , , ,cast :,timeline : ,Action,English
chris-brown-welcome-to-my-life,https://www1.123moviesto.to//123movies/chris-brown-welcome-to-my-life.jpg,https://vidcloud.icu/streaming.php?id=MTEwNDU0&title=Chris Brown: Welcome to My Life,A compelling and never-before-scene look at Chris Browns controversial life and career , , ,cast :,timeline : ,Action,English
digimon-adventure-tri-2-decision,https://www1.123moviesto.to//123movies/digimon-adventure-tri-2-decision.jpg,https://vidcloud.icu/streaming.php?id=MTA0NzA3&title=Digimon Adventure Tri. 2: Decision,The DigiDestined go to a nearby hot springs theme park and everyone has a good time but Joe doesnt show up because he wants to study for his exams Another infected Digimon Ogremon  , , ,cast :,timeline : ,Action,English
sharknado-5-global-swarming,https://www1.123moviesto.to//123movies/sharknado-5-global-swarming.jpg,https://vidcloud.icu/streaming.php?id=MTAyMTEz&title=Sharknado 5: Global Swarming,With much of America lying in ruins the rest of the world braces for a global sharknado Fin and his family must travel around the world to stop them , , ,cast :,timeline : ,Action,English
goodfellas-remastered-feature,https://www1.123moviesto.to//123movies/goodfellas-remastered-feature.jpg,https://vidcloud.icu/streaming.php?id=MTAwODMx&title=Goodfellas Remastered Feature,Henry Hill and his friends work their way up through the mob hierarchy , , ,cast :,timeline : ,Action,English
the-hippopotamus,https://www1.123moviesto.to//123movies/the-hippopotamus.jpg,https://vidcloud.icu/streaming.php?id=OTk4NTY=&title=The Hippopotamus,Disgraced poet Ted Wallace is summoned to his friends country manor to investigate a series of unexplained miracles , , ,cast :,timeline : ,Action,English
white-god,https://www1.123moviesto.to//123movies/white-god.jpg,https://vidcloud.icu/streaming.php?id=NzI1Mw==&title=White God,When young Lili is forced to give up her beloved dog Hagen because it;s mixed-breed heritage is deemed ;unfit; by The State she and the dog begin a dangerous journey back towards each other An abandoned dog eventually joins a canine revolt against their human abusers   , , ,cast :,timeline : ,Action,English
survivor-2015,https://www1.123moviesto.to//123movies/survivor-2015thumb.jpg,https://vidcloud.icu/streaming.php?id=NzIwNQ==&title=Survivor 2015,After being mysteriously framed for a terrorist bombing A Foreign Service Officer in London tries to prevent a terrorist attack set to hit New York but is forced to go on the run when she is framed for crimes she did not commit SURVIVOR is directed by James McTeigue and also stars Dylan McDermott Angela Bassett and Robert Forster , , ,cast :,timeline : ,Action,English
san-andreas-quake,https://www1.123moviesto.to//123movies/san-andreas-quakethumb.jpg,https://vidcloud.icu/streaming.php?id=NzEzMg==&title=San Andreas Quake,When a discredited LA Seismologist warns of an impending 127 earthquake no one takes her seriously Now on her own she races desperately to get her family to safety before the earthquake breaks Los Angeles apart from the mainland Â  , , ,cast :,timeline : ,Action,English